epoch,accuracy,learning_rate,loss,top2_acc,val_accuracy,val_loss,val_top2_acc
0,0.08906525373458862,0.0010000000474974513,2.9573755264282227,0.18033508956432343,0.12345679104328156,2.273379325866699,0.30452674627304077
1,0.09876543283462524,0.0010000000474974513,2.4767162799835205,0.20502644777297974,0.06995885074138641,2.304744243621826,0.18930041790008545
2,0.07892416417598724,0.0010000000474974513,2.383208751678467,0.16798941791057587,0.041152264922857285,2.3075475692749023,0.11316872388124466
3,0.08377425372600555,0.0010000000474974513,2.348179578781128,0.170634925365448,0.08024691045284271,2.304056406021118,0.17901234328746796
4,0.07848324626684189,0.0005000000237487257,2.3283300399780273,0.16798941791057587,0.03292180970311165,2.304640531539917,0.1358024626970291
5,0.08818341791629791,0.0005000000237487257,2.3157284259796143,0.1754850149154663,0.02674897201359272,2.3037734031677246,0.13374485075473785
6,0.06569664925336838,0.0005000000237487257,2.3161778450012207,0.1715167611837387,0.09465020895004272,2.3036139011383057,0.17489711940288544
7,0.06128747761249542,0.0002500000118743628,2.311330795288086,0.1261022984981537,0.09876543283462524,2.3037784099578857,0.15432098507881165
8,0.09435626119375229,0.0002500000118743628,2.310823440551758,0.15167547762393951,0.10493826866149902,2.303213357925415,0.15432098507881165
